name,type,direction,description
smi_00,string,,Similar compound index 0 queried using SmallWorld on the Wuxi chemical space
smi_01,string,,Similar compound index 1 queried using SmallWorld on the Wuxi chemical space
smi_02,string,,Similar compound index 2 queried using SmallWorld on the Wuxi chemical space
smi_03,string,,Similar compound index 3 queried using SmallWorld on the Wuxi chemical space
smi_04,string,,Similar compound index 4 queried using SmallWorld on the Wuxi chemical space
smi_05,string,,Similar compound index 5 queried using SmallWorld on the Wuxi chemical space
smi_06,string,,Similar compound index 6 queried using SmallWorld on the Wuxi chemical space
smi_07,string,,Similar compound index 7 queried using SmallWorld on the Wuxi chemical space
smi_08,string,,Similar compound index 8 queried using SmallWorld on the Wuxi chemical space
smi_09,string,,Similar compound index 9 queried using SmallWorld on the Wuxi chemical space
smi_10,string,,Similar compound index 10 queried using SmallWorld on the Wuxi chemical space
smi_11,string,,Similar compound index 11 queried using SmallWorld on the Wuxi chemical space
smi_12,string,,Similar compound index 12 queried using SmallWorld on the Wuxi chemical space
smi_13,string,,Similar compound index 13 queried using SmallWorld on the Wuxi chemical space
smi_14,string,,Similar compound index 14 queried using SmallWorld on the Wuxi chemical space
smi_15,string,,Similar compound index 15 queried using SmallWorld on the Wuxi chemical space
smi_16,string,,Similar compound index 16 queried using SmallWorld on the Wuxi chemical space
smi_17,string,,Similar compound index 17 queried using SmallWorld on the Wuxi chemical space
smi_18,string,,Similar compound index 18 queried using SmallWorld on the Wuxi chemical space
smi_19,string,,Similar compound index 19 queried using SmallWorld on the Wuxi chemical space
smi_20,string,,Similar compound index 20 queried using SmallWorld on the Wuxi chemical space
smi_21,string,,Similar compound index 21 queried using SmallWorld on the Wuxi chemical space
smi_22,string,,Similar compound index 22 queried using SmallWorld on the Wuxi chemical space
smi_23,string,,Similar compound index 23 queried using SmallWorld on the Wuxi chemical space
smi_24,string,,Similar compound index 24 queried using SmallWorld on the Wuxi chemical space
smi_25,string,,Similar compound index 25 queried using SmallWorld on the Wuxi chemical space
smi_26,string,,Similar compound index 26 queried using SmallWorld on the Wuxi chemical space
smi_27,string,,Similar compound index 27 queried using SmallWorld on the Wuxi chemical space
smi_28,string,,Similar compound index 28 queried using SmallWorld on the Wuxi chemical space
smi_29,string,,Similar compound index 29 queried using SmallWorld on the Wuxi chemical space
smi_30,string,,Similar compound index 30 queried using SmallWorld on the Wuxi chemical space
smi_31,string,,Similar compound index 31 queried using SmallWorld on the Wuxi chemical space
smi_32,string,,Similar compound index 32 queried using SmallWorld on the Wuxi chemical space
smi_33,string,,Similar compound index 33 queried using SmallWorld on the Wuxi chemical space
smi_34,string,,Similar compound index 34 queried using SmallWorld on the Wuxi chemical space
smi_35,string,,Similar compound index 35 queried using SmallWorld on the Wuxi chemical space
smi_36,string,,Similar compound index 36 queried using SmallWorld on the Wuxi chemical space
smi_37,string,,Similar compound index 37 queried using SmallWorld on the Wuxi chemical space
smi_38,string,,Similar compound index 38 queried using SmallWorld on the Wuxi chemical space
smi_39,string,,Similar compound index 39 queried using SmallWorld on the Wuxi chemical space
smi_40,string,,Similar compound index 40 queried using SmallWorld on the Wuxi chemical space
smi_41,string,,Similar compound index 41 queried using SmallWorld on the Wuxi chemical space
smi_42,string,,Similar compound index 42 queried using SmallWorld on the Wuxi chemical space
smi_43,string,,Similar compound index 43 queried using SmallWorld on the Wuxi chemical space
smi_44,string,,Similar compound index 44 queried using SmallWorld on the Wuxi chemical space
smi_45,string,,Similar compound index 45 queried using SmallWorld on the Wuxi chemical space
smi_46,string,,Similar compound index 46 queried using SmallWorld on the Wuxi chemical space
smi_47,string,,Similar compound index 47 queried using SmallWorld on the Wuxi chemical space
smi_48,string,,Similar compound index 48 queried using SmallWorld on the Wuxi chemical space
smi_49,string,,Similar compound index 49 queried using SmallWorld on the Wuxi chemical space
smi_50,string,,Similar compound index 50 queried using SmallWorld on the Wuxi chemical space
smi_51,string,,Similar compound index 51 queried using SmallWorld on the Wuxi chemical space
smi_52,string,,Similar compound index 52 queried using SmallWorld on the Wuxi chemical space
smi_53,string,,Similar compound index 53 queried using SmallWorld on the Wuxi chemical space
smi_54,string,,Similar compound index 54 queried using SmallWorld on the Wuxi chemical space
smi_55,string,,Similar compound index 55 queried using SmallWorld on the Wuxi chemical space
smi_56,string,,Similar compound index 56 queried using SmallWorld on the Wuxi chemical space
smi_57,string,,Similar compound index 57 queried using SmallWorld on the Wuxi chemical space
smi_58,string,,Similar compound index 58 queried using SmallWorld on the Wuxi chemical space
smi_59,string,,Similar compound index 59 queried using SmallWorld on the Wuxi chemical space
smi_60,string,,Similar compound index 60 queried using SmallWorld on the Wuxi chemical space
smi_61,string,,Similar compound index 61 queried using SmallWorld on the Wuxi chemical space
smi_62,string,,Similar compound index 62 queried using SmallWorld on the Wuxi chemical space
smi_63,string,,Similar compound index 63 queried using SmallWorld on the Wuxi chemical space
smi_64,string,,Similar compound index 64 queried using SmallWorld on the Wuxi chemical space
smi_65,string,,Similar compound index 65 queried using SmallWorld on the Wuxi chemical space
smi_66,string,,Similar compound index 66 queried using SmallWorld on the Wuxi chemical space
smi_67,string,,Similar compound index 67 queried using SmallWorld on the Wuxi chemical space
smi_68,string,,Similar compound index 68 queried using SmallWorld on the Wuxi chemical space
smi_69,string,,Similar compound index 69 queried using SmallWorld on the Wuxi chemical space
smi_70,string,,Similar compound index 70 queried using SmallWorld on the Wuxi chemical space
smi_71,string,,Similar compound index 71 queried using SmallWorld on the Wuxi chemical space
smi_72,string,,Similar compound index 72 queried using SmallWorld on the Wuxi chemical space
smi_73,string,,Similar compound index 73 queried using SmallWorld on the Wuxi chemical space
smi_74,string,,Similar compound index 74 queried using SmallWorld on the Wuxi chemical space
smi_75,string,,Similar compound index 75 queried using SmallWorld on the Wuxi chemical space
smi_76,string,,Similar compound index 76 queried using SmallWorld on the Wuxi chemical space
smi_77,string,,Similar compound index 77 queried using SmallWorld on the Wuxi chemical space
smi_78,string,,Similar compound index 78 queried using SmallWorld on the Wuxi chemical space
smi_79,string,,Similar compound index 79 queried using SmallWorld on the Wuxi chemical space
smi_80,string,,Similar compound index 80 queried using SmallWorld on the Wuxi chemical space
smi_81,string,,Similar compound index 81 queried using SmallWorld on the Wuxi chemical space
smi_82,string,,Similar compound index 82 queried using SmallWorld on the Wuxi chemical space
smi_83,string,,Similar compound index 83 queried using SmallWorld on the Wuxi chemical space
smi_84,string,,Similar compound index 84 queried using SmallWorld on the Wuxi chemical space
smi_85,string,,Similar compound index 85 queried using SmallWorld on the Wuxi chemical space
smi_86,string,,Similar compound index 86 queried using SmallWorld on the Wuxi chemical space
smi_87,string,,Similar compound index 87 queried using SmallWorld on the Wuxi chemical space
smi_88,string,,Similar compound index 88 queried using SmallWorld on the Wuxi chemical space
smi_89,string,,Similar compound index 89 queried using SmallWorld on the Wuxi chemical space
smi_90,string,,Similar compound index 90 queried using SmallWorld on the Wuxi chemical space
smi_91,string,,Similar compound index 91 queried using SmallWorld on the Wuxi chemical space
smi_92,string,,Similar compound index 92 queried using SmallWorld on the Wuxi chemical space
smi_93,string,,Similar compound index 93 queried using SmallWorld on the Wuxi chemical space
smi_94,string,,Similar compound index 94 queried using SmallWorld on the Wuxi chemical space
smi_95,string,,Similar compound index 95 queried using SmallWorld on the Wuxi chemical space
smi_96,string,,Similar compound index 96 queried using SmallWorld on the Wuxi chemical space
smi_97,string,,Similar compound index 97 queried using SmallWorld on the Wuxi chemical space
smi_98,string,,Similar compound index 98 queried using SmallWorld on the Wuxi chemical space
smi_99,string,,Similar compound index 99 queried using SmallWorld on the Wuxi chemical space
